Distance_(pixels),Gray_Value
0,96.000
1,73.000
2,51.978
3,33.000
4,18.000
5,7.945
6,1.000
7,0.000
8,3.000
9,10.000
10,22.000
11,38.000
12,56.132
13,78.000
14,101.000
15,125.000
16,149.000
17,172.000
18,194.000
19,213.000
20,229.000
21,242.000
22,251.000
23,255.000
24,255.000
25,251.000
26,242.000
27,230.000
28,214.000
29,195.000
30,174.670
31,152.000
32,129.000
33,105.637
34,83.000
35,62.000
36,43.604
37,28.000
38,15.000
39,6.000
40,1.000
41,0.000
42,3.000
43,9.473
44,20.000
45,34.000
46,51.000
47,70.000
48,91.000
49,113.000
50,135.551
51,157.562
52,178.573
53,198.000
54,215.595
55,230.000
56,242.000
57,250.000
58,255.000
59,255.000
60,252.000
61,246.000
62,236.000
63,223.000
64,207.000
65,189.000
66,169.000
67,148.000
68,126.251
69,105.000
70,84.229
71,65.000
72,47.207
73,32.000
74,19.000
75,9.174
76,3.000
77,0.000
78,0.000
79,4.000
80,11.000
81,21.000
82,34.000
83,49.000
84,66.925
85,85.000
86,105.000
87,126.000
88,146.000
89,166.000
90,185.000
91,203.000
92,218.000
93,231.000
94,242.000
95,249.000
96,254.000
97,255.000
98,254.000
99,249.000
100,241.899
101,231.000
102,218.000
103,203.000
104,187.000
105,168.844
106,149.833
107,130.000
108,110.811
109,91.800
110,73.789
111,56.778
112,41.000
113,28.000
114,17.000
115,9.000
116,3.000
117,0.000
118,0.000
119,2.000
120,8.000
121,16.000
122,26.000
123,38.354
124,53.000
125,69.000
126,86.000
127,104.000
128,122.000
129,141.000
130,159.000
131,176.000
132,193.000
133,208.000
134,221.000
135,232.486
136,242.000
137,249.000
138,253.000
139,255.000
140,255.000
141,252.000
142,247.000
143,239.000
144,229.000
145,218.000
146,204.000
147,189.381
148,174.000
149,157.000
150,140.000
151,122.337
152,105.000
153,88.315
154,72.304
155,57.293
156,44.000
157,32.000
158,21.000
159,13.000
160,6.000
161,2.000
162,0.000
163,0.000
164,2.000
165,6.000
166,13.000
167,21.000
168,31.000
169,42.861
170,55.872
171,69.883
172,84.894
173,100.000
174,116.000
175,132.000
176,148.000
177,164.000
178,179.000
179,193.000
180,206.000
181,218.000
182,229.000
183,238.000
184,245.000
185,250.000
186,254.000
187,255.000
188,255.000
189,253.000
190,249.000
191,243.000
192,236.000
193,227.000
194,217.000
195,206.000
196,193.000
197,180.000
198,166.000
199,151.000
200,136.798
201,121.787
202,107.000
203,92.765
204,78.754
205,65.000
206,53.000
207,42.000
208,31.000
209,22.699
210,15.000
211,9.000
212,4.000
213,1.000
214,0.000
215,0.000
216,1.000
217,5.000
218,9.000
219,15.000
220,22.422
221,31.000
222,41.000
223,51.000
224,63.000
225,75.000
226,88.000
227,101.000
228,114.000
229,127.522
230,141.000
231,154.000
232,167.000
233,179.000
234,191.000
235,202.000
236,212.599
237,222.000
238,230.000
239,237.000
240,243.000
241,248.000
242,252.000
243,254.000
244,255.000
245,255.000
246,254.000
247,251.000
248,247.269
249,243.000
250,237.000
251,230.000
252,222.000
253,213.000
254,203.203
255,193.192
256,183.000
257,172.000
258,160.000
259,148.148
260,137.000
261,125.000
262,113.000
263,101.000
264,90.000
265,79.000
266,68.071
267,58.060
268,49.000
269,40.000
270,32.000
271,25.000
272,19.000
273,13.000
274,8.983
275,5.000
276,2.000
277,0.000
278,0.000
279,0.000
280,1.000
281,3.000
282,6.000
283,9.000
284,14.000
285,19.000
286,25.000
287,32.000
288,39.000
289,47.000
290,55.000
291,64.000
292,73.000
293,83.000
294,92.237
295,102.248
296,112.259
297,122.270
298,132.281
299,142.292
300,152.000
301,162.000
302,171.000
303,180.000
304,189.000
305,197.000
306,205.000
307,212.380
308,219.000
309,226.000
310,231.413
311,237.000
312,241.000
313,245.000
314,248.457
315,251.000
316,253.000
317,255.000
318,255.000
319,255.000
320,255.000
321,254.000
322,252.000
323,250.000
324,247.000
325,244.000
326,240.000
327,235.000
328,230.388
329,225.000
330,219.366
331,213.355
332,207.000
333,200.333
334,194.000
335,186.311
336,179.000
337,172.000
338,164.000
339,156.000
340,149.000
341,141.000
342,133.000
343,125.000
344,117.212
345,110.000
346,102.000
347,95.000
348,88.000
349,81.000
350,74.000
351,67.000
352,61.000
353,55.000
354,49.000
355,43.091
356,38.000
357,33.000
358,29.000
359,24.000
360,20.036
361,17.000
362,14.000
363,11.000
364,8.000
365,6.000
366,4.000
367,2.000
368,1.000
369,0.000
370,0.000
371,0.000
372,0.000
373,0.000
374,1.000
375,2.000
376,3.000
377,4.151
378,6.000
379,8.000
380,11.000
381,13.000
382,16.000
383,19.000
384,22.000
385,25.000
386,29.000
387,32.000
388,36.000
389,40.000
390,44.000
391,48.000
392,53.000
393,57.000
394,61.000
395,66.000
396,70.000
397,75.000
398,80.000
399,84.000
400,89.000
401,94.000
402,98.000
403,103.000
404,108.000
405,112.000
406,117.000
407,121.000
408,126.000
409,130.000
410,135.000
411,139.000
412,143.537
413,148.000
414,152.000
415,156.000
416,160.000
417,164.000
418,168.000
419,171.614
420,175.000
421,179.000
422,182.000
423,186.000
424,189.000
425,192.000
426,195.000
427,198.000
428,201.000
429,204.000
430,207.000
431,209.000
432,212.000
433,214.000
434,217.000
435,219.000
436,221.000
437,223.000
438,225.000
439,227.000
440,229.000
441,230.856
442,232.000
443,234.000
444,235.000
445,237.000
446,238.000
447,239.000
448,240.000
449,242.000
450,243.000
451,244.000
452,245.000
453,246.000
454,246.000
455,247.000
456,248.000
457,249.000
458,249.000
459,250.000
460,250.000
461,251.000
462,251.000
463,252.000
464,252.000
465,253.000
466,253.000
467,253.000
468,254.000
469,254.000
470,254.000
471,254.000
472,254.000
473,255.000
474,255.000
475,255.000
476,255.000
477,255.000
478,255.000
479,255.000
480,255.000
481,255.000
482,255.000
483,255.000
484,255.000
485,255.000
486,255.000
487,255.000
488,255.000
489,255.000
490,255.000
491,255.000
492,255.000
493,255.000
494,255.000
495,255.000
496,255.000
497,255.000
498,255.000
499,255.000
500,255.000
501,255.000
502,255.000
503,255.000
504,255.000
505,255.000
506,255.000
507,255.000
508,255.000
509,255.000
510,255.000
511,255.000
512,255.000
513,255.000
514,255.000
515,255.000
516,255.000
517,255.000
518,255.000
519,255.000
520,255.000
521,255.000
522,255.000
523,255.000
524,254.000
525,254.000
526,254.000
527,254.000
528,254.000
529,253.000
530,253.000
531,253.000
532,252.000
533,252.000
534,251.000
535,251.000
536,250.000
537,250.000
538,249.000
539,249.000
540,248.000
541,247.000
542,246.000
543,246.000
544,245.000
545,244.000
546,243.000
547,242.000
548,241.000
549,239.000
550,238.000
551,237.000
552,235.000
553,234.000
554,232.000
555,231.000
556,229.000
557,227.000
558,225.000
559,223.000
560,221.000
561,219.000
562,217.000
563,214.000
564,212.000
565,209.000
566,207.000
567,204.000
568,201.000
569,198.000
570,195.000
571,192.000
572,189.000
573,186.000
574,182.000
575,179.000
576,175.000
577,172.000
578,168.000
579,164.000
580,160.000
581,156.000
582,152.000
583,148.000
584,144.000
585,139.000
586,135.000
587,131.000
588,126.000
589,122.000
590,117.000
591,112.000
592,108.000
593,103.000
594,98.000
595,94.000
596,89.000
597,84.000
598,80.000
599,75.000
600,71.000
601,66.000
602,61.629
603,57.000
604,53.000
605,48.000
606,44.000
607,40.000
608,36.000
609,33.000
610,29.000
611,25.000
612,22.000
613,19.000
614,16.000
615,13.000
616,11.000
617,8.000
618,6.000
619,5.000
620,3.000
621,2.000
622,1.000
623,0.000
624,0.000
625,0.000
626,0.000
627,0.000
628,1.000
629,2.000
630,4.000
631,6.000
632,8.000
633,11.000
634,13.000
635,17.000
636,20.000
637,24.000
638,28.025
639,33.000
640,38.000
641,43.000
642,49.000
643,55.000
644,61.000
645,67.000
646,74.000
647,80.000
648,87.135
649,95.000
650,102.000
651,110.000
652,117.000
653,125.000
654,133.000
655,141.000
656,148.000
657,156.000
658,164.000
659,171.000
660,179.000
661,186.000
662,193.000
663,200.000
664,207.000
665,213.000
666,219.000
667,225.000
668,230.000
669,235.000
670,240.000
671,243.000
672,247.000
673,250.000
674,252.000
675,254.000
676,255.000
677,255.000
678,255.000
679,255.000
680,253.000
681,251.000
682,249.000
683,245.000
684,241.000
685,237.000
686,232.000
687,226.000
688,220.000
689,213.000
690,205.000
691,197.391
692,189.000
693,181.000
694,171.000
695,162.000
696,153.000
697,143.000
698,133.000
699,123.000
700,113.000
701,103.000
702,93.000
703,83.000
704,74.000
705,64.000
706,56.000
707,47.000
708,39.000
709,32.000
710,25.000
711,19.000
712,14.000
713,9.000
714,6.000
715,3.000
716,1.000
717,0.000
718,0.000
719,0.000
720,2.000
721,5.000
722,8.000
723,13.000
724,18.000
725,25.000
726,32.000
727,40.000
728,49.000
729,58.000
730,68.000
731,79.000
732,90.000
733,101.000
734,113.000
735,124.000
736,136.000
737,148.000
738,160.000
739,171.000
740,182.000
741,193.000
742,203.000
743,213.000
744,221.000
745,229.000
746,236.000
747,242.000
748,247.000
749,251.000
750,254.000
751,255.000
752,255.000
753,254.000
754,252.000
755,248.000
756,244.000
757,238.000
758,230.000
759,222.000
760,213.000
761,203.000
762,192.000
763,180.000
764,167.000
765,155.000
766,141.000
767,128.000
768,114.544
769,101.000
770,88.000
771,75.000
772,63.000
773,52.000
774,41.000
775,31.000
776,23.000
777,15.000
778,9.000
779,5.000
780,1.000
781,0.000
782,0.000
783,1.000
784,4.000
785,9.000
786,15.000
787,22.000
788,31.000
789,41.000
790,53.000
791,65.000
792,78.000
793,92.000
794,106.000
795,121.000
796,136.000
797,151.000
798,165.000
799,179.000
800,193.000
801,205.000
802,217.000
803,227.000
804,236.000
805,243.000
806,249.000
807,253.000
808,255.000
809,255.000
810,254.000
811,250.000
812,245.000
813,238.000
814,229.000
815,219.000
816,207.000
817,194.000
818,180.000
819,165.000
820,149.000
821,133.000
822,117.000
823,101.000
824,85.000
825,70.000
826,56.000
827,43.000
828,31.000
829,21.000
830,13.000
831,6.850
832,2.000
833,0.000
834,0.000
835,2.000
836,6.000
837,13.000
838,21.000
839,31.000
840,43.249
841,57.000
842,72.000
843,88.000
844,105.000
845,122.000
846,139.000
847,156.326
848,173.000
849,189.000
850,204.000
851,217.000
852,229.000
853,239.000
854,246.000
855,252.000
856,255.000
857,255.000
858,253.000
859,249.000
860,242.000
861,233.000
862,221.000
863,208.000
864,193.000
865,177.000
866,159.464
867,141.000
868,123.000
869,104.431
870,86.420
871,69.000
872,53.000
873,39.000
874,26.000
875,16.000
876,8.000
877,3.000
878,0.000
879,0.000
880,3.000
881,8.701
882,17.000
883,28.000
884,41.000
885,56.000
886,73.000
887,91.000
888,110.000
889,129.789
890,149.000
891,168.000
892,186.000
893,203.000
894,218.000
895,231.000
896,241.000
897,249.000
898,254.000
899,255.000
900,254.000
901,250.000
902,242.000
903,232.000
904,218.046
905,203.000
906,186.000
907,167.000
908,147.000
909,126.991
910,106.000
911,86.000
912,67.000
913,50.000
914,34.000
915,21.000
916,11.000
917,4.000
918,0.000
919,0.000
920,3.000
921,9.000
922,19.000
923,31.163
924,47.000
925,64.185
926,84.000
927,104.207
928,126.000
929,147.000
930,168.000
931,188.000
932,206.000
933,222.000
934,235.000
935,245.295
936,252.000
937,255.000
938,255.000
939,250.000
940,242.000
941,231.000
942,216.000
943,199.000
944,179.000
945,158.000
946,136.000
947,114.000
948,92.000
949,71.000
950,51.540
951,35.000
952,20.518
953,10.000
954,3.000
955,0.000
956,1.000
957,6.000
958,15.000
959,27.000
960,43.000
961,62.000
962,82.593
963,105.000
964,128.000
965,151.000
966,174.000
967,195.000
968,213.000
969,229.000
970,242.000
971,250.000
972,255.000
973,255.000
974,251.000
975,242.000
976,230.000
977,214.000
978,194.231
979,173.000
980,150.000
981,126.000
982,102.000
983,79.000
984,57.000
985,38.000
986,22.143
987,10.132
988,3.000
989,0.000
990,1.000
991,7.000
992,18.000
993,32.934
994,51.000
995,72.000
996,95.000
997,120.000
998,145.000
999,0.000
